semilla,pedido_id,vehiculo,ubicacion_x,ubicacion_y,cantidad_parte,instante_entrega,deadline,holgura_min
20263,V202704-L00001,TA01,10,45,4,2027-04-01T02:22,2027-04-01T12:01,579.0
20263,V202704-L00001,TA01,10,45,4,2027-04-01T02:22,2027-04-01T12:01,579.0
20263,V202704-L00002,TA01,54,49,3,2027-04-01T04:34,2027-04-01T12:06,452.0
20263,V202704-L00002,TA01,54,49,4,2027-04-01T04:34,2027-04-01T12:06,452.0
20263,V202704-L00006,TA02,65,13,2,2027-04-01T02:18:30,2027-04-01T08:18,359.5
20263,V202704-L00009,TA03,69,36,4,2027-04-01T03:06,2027-04-02T12:30,2004.0
20263,V202704-L00009,TA03,69,36,3,2027-04-01T03:06,2027-04-02T12:30,2004.0
20263,V202704-L00007,TA04,50,32,1,2027-04-01T02:31:30,2027-04-01T08:26,354.5
20263,V202704-L00010,TA05,69,47,4,2027-04-01T03:32:30,2027-04-01T04:32,59.5
20263,V202704-L00010,TA05,69,47,4,2027-04-01T03:32:30,2027-04-01T04:32,59.5
20263,V202704-L00011,TA06,45,44,4,2027-04-01T02:52,2027-04-02T12:36,2024.0
20263,V202704-L00012,TA07,22,0,2,2027-04-01T02:32:30,2027-04-01T08:39,366.5
20263,V202704-L00015,TA08,68,44,2,2027-04-01T04:06:30,2027-04-01T13:18,551.5
20263,V202704-L00003,TA09,33,5,1,2027-04-01T03:12:30,2027-04-02T12:15,1982.5
20263,V202704-L00021,TA09,18,15,2,2027-04-01T04:50,2027-04-01T09:31,281.0
20263,V202704-L00021,TA09,18,15,4,2027-04-01T04:50,2027-04-01T09:31,281.0
20263,V202704-L00004,TA09,38,11,2,2027-04-01T06:26,2027-04-02T12:17,1791.0
20263,V202704-L00019,TA10,47,34,4,2027-04-01T03:50,2027-04-01T09:28,338.0
20263,V202704-L00019,TA10,47,34,3,2027-04-01T03:50,2027-04-01T09:28,338.0
20263,V202704-L00003,TA10,33,5,4,2027-04-01T05:54:30,2027-04-02T12:15,1820.5
20263,V202704-L00022,TM01,7,46,1,2027-04-01T04:54:48,2027-04-01T19:41,886.2
20263,V202704-L00025,TM02,44,24,3,2027-04-01T03:54:48,2027-04-01T05:49,114.2
