semilla,vehiculo,nodo_origen_x,nodo_origen_y,nodo_destino_x,nodo_destino_y,salida,llegada
20264,TA01,27,14,28,14,2027-04-01T00:10,2027-04-01T00:11:30
20264,TA01,28,14,29,14,2027-04-01T00:11:30,2027-04-01T00:13
20264,TA01,29,14,30,14,2027-04-01T00:13,2027-04-01T00:14:30
20264,TA01,30,14,31,14,2027-04-01T00:14:30,2027-04-01T00:16
20264,TA01,31,14,32,14,2027-04-01T00:16,2027-04-01T00:17:30
20264,TA01,32,14,33,14,2027-04-01T00:17:30,2027-04-01T00:19
20264,TA01,33,14,34,14,2027-04-01T00:19,2027-04-01T00:20:30
20264,TA01,34,14,35,14,2027-04-01T00:20:30,2027-04-01T00:22
20264,TA01,35,14,36,14,2027-04-01T00:22,2027-04-01T00:23:30
20264,TA01,36,14,37,14,2027-04-01T00:23:30,2027-04-01T00:25
20264,TA01,37,14,38,14,2027-04-01T00:25,2027-04-01T00:26:30
20264,TA01,38,14,39,14,2027-04-01T00:26:30,2027-04-01T00:28
20264,TA01,39,14,40,14,2027-04-01T00:28,2027-04-01T00:29:30
20264,TA01,40,14,41,14,2027-04-01T00:29:30,2027-04-01T00:31
20264,TA01,41,14,42,14,2027-04-01T00:31,2027-04-01T00:32:30
20264,TA01,42,14,43,14,2027-04-01T00:32:30,2027-04-01T00:34
20264,TA01,43,14,44,14,2027-04-01T00:34,2027-04-01T00:35:30
20264,TA01,44,14,45,14,2027-04-01T00:35:30,2027-04-01T00:37
20264,TA01,45,14,46,14,2027-04-01T00:37,2027-04-01T00:38:30
20264,TA01,46,14,47,14,2027-04-01T00:38:30,2027-04-01T00:40
20264,TA01,47,14,48,14,2027-04-01T00:40,2027-04-01T00:41:30
20264,TA01,48,14,49,14,2027-04-01T00:41:30,2027-04-01T00:43
20264,TA01,49,14,50,14,2027-04-01T00:43,2027-04-01T00:44:30
20264,TA01,50,14,51,14,2027-04-01T00:44:30,2027-04-01T00:46
20264,TA01,51,14,52,14,2027-04-01T00:46,2027-04-01T00:47:30
20264,TA01,52,14,53,14,2027-04-01T00:47:30,2027-04-01T00:49
20264,TA01,53,14,54,14,2027-04-01T00:49,2027-04-01T00:50:30
20264,TA01,54,14,54,15,2027-04-01T00:50:30,2027-04-01T00:52
20264,TA01,54,15,54,16,2027-04-01T00:52,2027-04-01T00:53:30
20264,TA01,54,16,54,17,2027-04-01T00:53:30,2027-04-01T00:55
20264,TA01,54,17,54,18,2027-04-01T00:55,2027-04-01T00:56:30
20264,TA01,54,18,54,19,2027-04-01T00:56:30,2027-04-01T00:58
20264,TA01,54,19,54,20,2027-04-01T00:58,2027-04-01T00:59:30
20264,TA01,54,20,54,21,2027-04-01T00:59:30,2027-04-01T01:01
20264,TA01,54,21,54,22,2027-04-01T01:01,2027-04-01T01:02:30
20264,TA01,54,22,54,23,2027-04-01T01:02:30,2027-04-01T01:04
20264,TA01,54,23,54,24,2027-04-01T01:04,2027-04-01T01:05:30
20264,TA01,54,24,54,25,2027-04-01T01:05:30,2027-04-01T01:07
20264,TA01,54,25,54,26,2027-04-01T01:07,2027-04-01T01:08:30
20264,TA01,54,26,54,27,2027-04-01T01:08:30,2027-04-01T01:10
20264,TA01,54,27,54,28,2027-04-01T01:10,2027-04-01T01:11:30
20264,TA01,54,28,54,29,2027-04-01T01:11:30,2027-04-01T01:13
20264,TA01,54,29,54,30,2027-04-01T01:13,2027-04-01T01:14:30
20264,TA01,54,30,54,31,2027-04-01T01:14:30,2027-04-01T01:16
20264,TA01,54,31,54,32,2027-04-01T01:16,2027-04-01T01:17:30
20264,TA01,54,32,54,33,2027-04-01T01:17:30,2027-04-01T01:19
20264,TA01,54,33,54,34,2027-04-01T01:19,2027-04-01T01:20:30
20264,TA01,54,34,54,35,2027-04-01T01:20:30,2027-04-01T01:22
20264,TA01,54,35,54,36,2027-04-01T01:22,2027-04-01T01:23:30
20264,TA01,54,36,54,37,2027-04-01T01:23:30,2027-04-01T01:25
20264,TA01,54,37,54,38,2027-04-01T01:25,2027-04-01T01:26:30
20264,TA01,54,38,54,39,2027-04-01T01:26:30,2027-04-01T01:28
20264,TA01,54,39,54,40,2027-04-01T01:28,2027-04-01T01:29:30
20264,TA01,54,40,54,41,2027-04-01T01:29:30,2027-04-01T01:31
20264,TA01,54,41,54,42,2027-04-01T01:31,2027-04-01T01:32:30
20264,TA01,54,42,54,43,2027-04-01T01:32:30,2027-04-01T01:34
20264,TA01,54,43,54,44,2027-04-01T01:34,2027-04-01T01:35:30
20264,TA01,54,44,54,45,2027-04-01T01:35:30,2027-04-01T01:37
20264,TA01,54,45,54,46,2027-04-01T01:37,2027-04-01T01:38:30
20264,TA01,54,46,54,47,2027-04-01T01:38:30,2027-04-01T01:40
20264,TA01,54,47,54,48,2027-04-01T01:40,2027-04-01T01:41:30
20264,TA01,54,48,54,49,2027-04-01T01:41:30,2027-04-01T01:43
20264,TA01,54,49,54,48,2027-04-01T03:43,2027-04-01T03:44:30
20264,TA01,54,48,54,47,2027-04-01T03:44:30,2027-04-01T03:46
20264,TA01,54,47,54,46,2027-04-01T03:46,2027-04-01T03:47:30
20264,TA01,54,46,54,45,2027-04-01T03:47:30,2027-04-01T03:49
20264,TA01,54,45,54,44,2027-04-01T03:49,2027-04-01T03:50:30
20264,TA01,54,44,54,43,2027-04-01T03:50:30,2027-04-01T03:52
20264,TA01,54,43,54,42,2027-04-01T03:52,2027-04-01T03:53:30
20264,TA01,54,42,54,41,2027-04-01T03:53:30,2027-04-01T03:55
20264,TA01,54,41,54,40,2027-04-01T03:55,2027-04-01T03:56:30
20264,TA01,54,40,54,39,2027-04-01T03:56:30,2027-04-01T03:58
20264,TA01,54,39,54,38,2027-04-01T03:58,2027-04-01T03:59:30
20264,TA01,54,38,54,37,2027-04-01T03:59:30,2027-04-01T04:01
20264,TA01,54,37,54,36,2027-04-01T04:01,2027-04-01T04:02:30
20264,TA01,54,36,54,35,2027-04-01T04:02:30,2027-04-01T04:04
20264,TA01,54,35,54,34,2027-04-01T04:04,2027-04-01T04:05:30
20264,TA01,54,34,54,33,2027-04-01T04:05:30,2027-04-01T04:07
20264,TA01,54,33,54,32,2027-04-01T04:07,2027-04-01T04:08:30
20264,TA01,54,32,54,31,2027-04-01T04:08:30,2027-04-01T04:10
20264,TA01,54,31,54,30,2027-04-01T04:10,2027-04-01T04:11:30
20264,TA01,54,30,54,29,2027-04-01T04:11:30,2027-04-01T04:13
20264,TA01,54,29,54,28,2027-04-01T04:13,2027-04-01T04:14:30
20264,TA01,54,28,54,27,2027-04-01T04:14:30,2027-04-01T04:16
20264,TA01,54,27,55,27,2027-04-01T04:16,2027-04-01T04:17:30
20264,TA01,55,27,56,27,2027-04-01T04:17:30,2027-04-01T04:19
20264,TA01,56,27,57,27,2027-04-01T04:19,2027-04-01T04:20:30
20264,TA03,27,14,26,14,2027-04-01T00:10,2027-04-01T00:11:30
20264,TA03,26,14,25,14,2027-04-01T00:11:30,2027-04-01T00:13
20264,TA03,25,14,24,14,2027-04-01T00:13,2027-04-01T00:14:30
20264,TA03,24,14,23,14,2027-04-01T00:14:30,2027-04-01T00:16
20264,TA03,23,14,22,14,2027-04-01T00:16,2027-04-01T00:17:30
20264,TA03,22,14,21,14,2027-04-01T00:17:30,2027-04-01T00:19
20264,TA03,21,14,20,14,2027-04-01T00:19,2027-04-01T00:20:30
20264,TA03,20,14,19,14,2027-04-01T00:20:30,2027-04-01T00:22
20264,TA03,19,14,18,14,2027-04-01T00:22,2027-04-01T00:23:30
20264,TA03,18,14,17,14,2027-04-01T00:23:30,2027-04-01T00:25
20264,TA03,17,14,16,14,2027-04-01T00:25,2027-04-01T00:26:30
20264,TA03,16,14,15,14,2027-04-01T00:26:30,2027-04-01T00:28
20264,TA03,15,14,14,14,2027-04-01T00:28,2027-04-01T00:29:30
20264,TA03,14,14,13,14,2027-04-01T00:29:30,2027-04-01T00:31
20264,TA03,13,14,12,14,2027-04-01T00:31,2027-04-01T00:32:30
20264,TA03,12,14,11,14,2027-04-01T00:32:30,2027-04-01T00:34
20264,TA03,11,14,10,14,2027-04-01T00:34,2027-04-01T00:35:30
20264,TA03,10,14,10,15,2027-04-01T00:35:30,2027-04-01T00:37
20264,TA03,10,15,10,16,2027-04-01T00:37,2027-04-01T00:38:30
20264,TA03,10,16,10,17,2027-04-01T00:38:30,2027-04-01T00:40
20264,TA03,10,17,10,18,2027-04-01T00:40,2027-04-01T00:41:30
20264,TA03,10,18,10,19,2027-04-01T00:41:30,2027-04-01T00:43
20264,TA03,10,19,10,20,2027-04-01T00:43,2027-04-01T00:44:30
20264,TA03,10,20,10,21,2027-04-01T00:44:30,2027-04-01T00:46
20264,TA03,10,21,10,22,2027-04-01T00:46,2027-04-01T00:47:30
20264,TA03,10,22,10,23,2027-04-01T00:47:30,2027-04-01T00:49
20264,TA03,10,23,10,24,2027-04-01T00:49,2027-04-01T00:50:30
20264,TA03,10,24,10,25,2027-04-01T00:50:30,2027-04-01T00:52
20264,TA03,10,25,10,26,2027-04-01T00:52,2027-04-01T00:53:30
20264,TA03,10,26,10,27,2027-04-01T00:53:30,2027-04-01T00:55
20264,TA03,10,27,10,28,2027-04-01T00:55,2027-04-01T00:56:30
20264,TA03,10,28,10,29,2027-04-01T00:56:30,2027-04-01T00:58
20264,TA03,10,29,10,30,2027-04-01T00:58,2027-04-01T00:59:30
20264,TA03,10,30,10,31,2027-04-01T00:59:30,2027-04-01T01:01
20264,TA03,10,31,10,32,2027-04-01T01:01,2027-04-01T01:02:30
20264,TA03,10,32,10,33,2027-04-01T01:02:30,2027-04-01T01:04
20264,TA03,10,33,10,34,2027-04-01T01:04,2027-04-01T01:05:30
20264,TA03,10,34,10,35,2027-04-01T01:05:30,2027-04-01T01:07
20264,TA03,10,35,10,36,2027-04-01T01:07,2027-04-01T01:08:30
20264,TA03,10,36,10,37,2027-04-01T01:08:30,2027-04-01T01:10
20264,TA03,10,37,10,38,2027-04-01T01:10,2027-04-01T01:11:30
20264,TA03,10,38,10,39,2027-04-01T01:11:30,2027-04-01T01:13
20264,TA03,10,39,10,40,2027-04-01T01:13,2027-04-01T01:14:30
20264,TA03,10,40,10,41,2027-04-01T01:14:30,2027-04-01T01:16
20264,TA03,10,41,10,42,2027-04-01T01:16,2027-04-01T01:17:30
20264,TA03,10,42,10,43,2027-04-01T01:17:30,2027-04-01T01:19
20264,TA03,10,43,10,44,2027-04-01T01:19,2027-04-01T01:20:30
20264,TA03,10,44,10,45,2027-04-01T01:20:30,2027-04-01T01:22
20264,TA03,10,45,11,45,2027-04-01T03:22,2027-04-01T03:23:30
20264,TA03,11,45,12,45,2027-04-01T03:23:30,2027-04-01T03:25
20264,TA03,12,45,12,44,2027-04-01T03:25,2027-04-01T03:26:30
20264,TA03,12,44,12,43,2027-04-01T03:26:30,2027-04-01T03:28
20264,TA03,12,43,12,42,2027-04-01T03:28,2027-04-01T03:29:30
20264,TA03,12,42,12,41,2027-04-01T03:29:30,2027-04-01T03:31
20264,TA03,12,41,12,40,2027-04-01T03:31,2027-04-01T03:32:30
20264,TA03,12,40,12,39,2027-04-01T03:32:30,2027-04-01T03:34
20264,TA03,12,39,12,38,2027-04-01T03:34,2027-04-01T03:35:30
20264,TA10,27,14,26,14,2027-04-01T00:10,2027-04-01T00:11:30
20264,TA10,26,14,25,14,2027-04-01T00:11:30,2027-04-01T00:13
20264,TA10,25,14,24,14,2027-04-01T00:13,2027-04-01T00:14:30
20264,TA10,24,14,23,14,2027-04-01T00:14:30,2027-04-01T00:16
20264,TA10,23,14,22,14,2027-04-01T00:16,2027-04-01T00:17:30
20264,TA10,22,14,21,14,2027-04-01T00:17:30,2027-04-01T00:19
20264,TA10,21,14,20,14,2027-04-01T00:19,2027-04-01T00:20:30
20264,TA10,20,14,19,14,2027-04-01T00:20:30,2027-04-01T00:22
20264,TA10,19,14,18,14,2027-04-01T00:22,2027-04-01T00:23:30
20264,TA10,18,14,17,14,2027-04-01T00:23:30,2027-04-01T00:25
20264,TA10,17,14,16,14,2027-04-01T00:25,2027-04-01T00:26:30
20264,TA10,16,14,15,14,2027-04-01T00:26:30,2027-04-01T00:28
20264,TA10,15,14,14,14,2027-04-01T00:28,2027-04-01T00:29:30
20264,TA10,14,14,13,14,2027-04-01T00:29:30,2027-04-01T00:31
20264,TA10,13,14,12,14,2027-04-01T00:31,2027-04-01T00:32:30
20264,TA10,12,14,11,14,2027-04-01T00:32:30,2027-04-01T00:34
20264,TA10,11,14,10,14,2027-04-01T00:34,2027-04-01T00:35:30
20264,TA10,10,14,10,15,2027-04-01T00:35:30,2027-04-01T00:37
20264,TA10,10,15,10,16,2027-04-01T00:37,2027-04-01T00:38:30
20264,TA10,10,16,10,17,2027-04-01T00:38:30,2027-04-01T00:40
20264,TA10,10,17,10,18,2027-04-01T00:40,2027-04-01T00:41:30
20264,TA10,10,18,10,19,2027-04-01T00:41:30,2027-04-01T00:43
20264,TA10,10,19,10,20,2027-04-01T00:43,2027-04-01T00:44:30
20264,TA10,10,20,10,21,2027-04-01T00:44:30,2027-04-01T00:46
20264,TA10,10,21,10,22,2027-04-01T00:46,2027-04-01T00:47:30
20264,TA10,10,22,10,23,2027-04-01T00:47:30,2027-04-01T00:49
20264,TA10,10,23,10,24,2027-04-01T00:49,2027-04-01T00:50:30
20264,TA10,10,24,10,25,2027-04-01T00:50:30,2027-04-01T00:52
20264,TA10,10,25,10,26,2027-04-01T00:52,2027-04-01T00:53:30
20264,TA10,10,26,10,27,2027-04-01T00:53:30,2027-04-01T00:55
20264,TA10,10,27,10,28,2027-04-01T00:55,2027-04-01T00:56:30
20264,TA10,10,28,10,29,2027-04-01T00:56:30,2027-04-01T00:58
20264,TA10,10,29,10,30,2027-04-01T00:58,2027-04-01T00:59:30
20264,TA10,10,30,10,31,2027-04-01T00:59:30,2027-04-01T01:01
20264,TA10,10,31,10,32,2027-04-01T01:01,2027-04-01T01:02:30
20264,TA10,10,32,10,33,2027-04-01T01:02:30,2027-04-01T01:04
20264,TA10,10,33,10,34,2027-04-01T01:04,2027-04-01T01:05:30
20264,TA10,10,34,10,35,2027-04-01T01:05:30,2027-04-01T01:07
20264,TA10,10,35,10,36,2027-04-01T01:07,2027-04-01T01:08:30
20264,TA10,10,36,10,37,2027-04-01T01:08:30,2027-04-01T01:10
20264,TA10,10,37,10,38,2027-04-01T01:10,2027-04-01T01:11:30
20264,TA10,10,38,10,39,2027-04-01T01:11:30,2027-04-01T01:13
20264,TA10,10,39,10,40,2027-04-01T01:13,2027-04-01T01:14:30
20264,TA10,10,40,10,41,2027-04-01T01:14:30,2027-04-01T01:16
20264,TA10,10,41,10,42,2027-04-01T01:16,2027-04-01T01:17:30
20264,TA10,10,42,10,43,2027-04-01T01:17:30,2027-04-01T01:19
20264,TA10,10,43,10,44,2027-04-01T01:19,2027-04-01T01:20:30
20264,TA10,10,44,10,45,2027-04-01T01:20:30,2027-04-01T01:22
20264,TA10,10,45,11,45,2027-04-01T03:22,2027-04-01T03:23:30
20264,TA10,11,45,12,45,2027-04-01T03:23:30,2027-04-01T03:25
20264,TA10,12,45,12,44,2027-04-01T03:25,2027-04-01T03:26:30
20264,TA10,12,44,12,43,2027-04-01T03:26:30,2027-04-01T03:28
20264,TA10,12,43,12,42,2027-04-01T03:28,2027-04-01T03:29:30
20264,TA10,12,42,12,41,2027-04-01T03:29:30,2027-04-01T03:31
20264,TA10,12,41,12,40,2027-04-01T03:31,2027-04-01T03:32:30
20264,TA10,12,40,12,39,2027-04-01T03:32:30,2027-04-01T03:34
20264,TA10,12,39,12,38,2027-04-01T03:34,2027-04-01T03:35:30
20264,TA02,27,14,28,14,2027-04-01T00:20,2027-04-01T00:21:30
20264,TA02,28,14,29,14,2027-04-01T00:21:30,2027-04-01T00:23
20264,TA02,29,14,30,14,2027-04-01T00:23,2027-04-01T00:24:30
20264,TA02,30,14,31,14,2027-04-01T00:24:30,2027-04-01T00:26
20264,TA02,31,14,32,14,2027-04-01T00:26,2027-04-01T00:27:30
20264,TA02,32,14,33,14,2027-04-01T00:27:30,2027-04-01T00:29
20264,TA02,33,14,33,13,2027-04-01T00:29,2027-04-01T00:30:30
20264,TA02,33,13,33,12,2027-04-01T00:30:30,2027-04-01T00:32
20264,TA02,33,12,33,11,2027-04-01T00:32,2027-04-01T00:33:30
20264,TA02,33,11,33,10,2027-04-01T00:33:30,2027-04-01T00:35
20264,TA02,33,10,33,9,2027-04-01T00:35,2027-04-01T00:36:30
20264,TA02,33,9,33,8,2027-04-01T00:36:30,2027-04-01T00:38
20264,TA02,33,8,33,7,2027-04-01T00:38,2027-04-01T00:39:30
20264,TA02,33,7,33,6,2027-04-01T00:39:30,2027-04-01T00:41
20264,TA02,33,6,33,5,2027-04-01T00:41,2027-04-01T00:42:30
20264,TA02,33,5,32,5,2027-04-01T02:42:30,2027-04-01T02:44
20264,TA02,32,5,31,5,2027-04-01T02:44,2027-04-01T02:45:30
20264,TA02,31,5,30,5,2027-04-01T02:45:30,2027-04-01T02:47
20264,TA02,30,5,29,5,2027-04-01T02:47,2027-04-01T02:48:30
20264,TA02,29,5,28,5,2027-04-01T02:48:30,2027-04-01T02:50
20264,TA02,28,5,27,5,2027-04-01T02:50,2027-04-01T02:51:30
20264,TA02,27,5,27,6,2027-04-01T02:51:30,2027-04-01T02:53
20264,TA02,27,6,27,7,2027-04-01T02:53,2027-04-01T02:54:30
20264,TA02,27,7,27,8,2027-04-01T02:54:30,2027-04-01T02:56
20264,TA02,27,8,27,9,2027-04-01T02:56,2027-04-01T02:57:30
20264,TA02,27,9,27,10,2027-04-01T02:57:30,2027-04-01T02:59
20264,TA02,27,10,27,11,2027-04-01T02:59,2027-04-01T03:00:30
20264,TA02,27,11,27,12,2027-04-01T03:00:30,2027-04-01T03:02
20264,TA02,27,12,27,13,2027-04-01T03:02,2027-04-01T03:03:30
20264,TA02,27,13,27,14,2027-04-01T03:03:30,2027-04-01T03:05
20264,TA05,27,14,28,14,2027-04-01T00:20,2027-04-01T00:21:30
20264,TA05,28,14,29,14,2027-04-01T00:21:30,2027-04-01T00:23
20264,TA05,29,14,29,15,2027-04-01T00:23,2027-04-01T00:24:30
20264,TA05,29,15,29,16,2027-04-01T00:24:30,2027-04-01T00:26
20264,TA05,29,16,29,17,2027-04-01T00:26,2027-04-01T00:27:30
20264,TA05,29,17,29,18,2027-04-01T00:27:30,2027-04-01T00:29
20264,TA05,29,18,29,19,2027-04-01T00:29,2027-04-01T00:30:30
20264,TA05,29,19,30,19,2027-04-01T00:30:30,2027-04-01T00:32
20264,TA05,30,19,30,20,2027-04-01T00:32,2027-04-01T00:33:30
20264,TA05,30,20,30,21,2027-04-01T00:33:30,2027-04-01T00:35
20264,TA05,30,21,30,22,2027-04-01T00:35,2027-04-01T00:36:30
20264,TA05,30,22,30,23,2027-04-01T00:36:30,2027-04-01T00:38
20264,TA05,30,23,30,24,2027-04-01T00:38,2027-04-01T00:39:30
20264,TA05,30,24,29,24,2027-04-01T02:39:30,2027-04-01T02:41
20264,TA05,29,24,28,24,2027-04-01T02:41,2027-04-01T02:42:30
20264,TA05,28,24,27,24,2027-04-01T02:42:30,2027-04-01T02:44
20264,TA05,27,24,27,23,2027-04-01T02:44,2027-04-01T02:45:30
20264,TA05,27,23,27,22,2027-04-01T02:45:30,2027-04-01T02:47
20264,TA05,27,22,27,21,2027-04-01T02:47,2027-04-01T02:48:30
20264,TA05,27,21,27,20,2027-04-01T02:48:30,2027-04-01T02:50
20264,TA05,27,20,27,19,2027-04-01T02:50,2027-04-01T02:51:30
20264,TA05,27,19,27,18,2027-04-01T02:51:30,2027-04-01T02:53
20264,TA05,27,18,27,17,2027-04-01T02:53,2027-04-01T02:54:30
20264,TA05,27,17,27,16,2027-04-01T02:54:30,2027-04-01T02:56
20264,TA05,27,16,27,15,2027-04-01T02:56,2027-04-01T02:57:30
20264,TA05,27,15,27,14,2027-04-01T02:57:30,2027-04-01T02:59
20264,TA06,27,14,28,14,2027-04-01T00:20,2027-04-01T00:21:30
20264,TA06,28,14,29,14,2027-04-01T00:21:30,2027-04-01T00:23
20264,TA06,29,14,30,14,2027-04-01T00:23,2027-04-01T00:24:30
20264,TA06,30,14,31,14,2027-04-01T00:24:30,2027-04-01T00:26
20264,TA06,31,14,32,14,2027-04-01T00:26,2027-04-01T00:27:30
20264,TA06,32,14,33,14,2027-04-01T00:27:30,2027-04-01T00:29
20264,TA06,33,14,33,13,2027-04-01T00:29,2027-04-01T00:30:30
20264,TA06,33,13,33,12,2027-04-01T00:30:30,2027-04-01T00:32
20264,TA06,33,12,33,11,2027-04-01T00:32,2027-04-01T00:33:30
20264,TA06,33,11,33,10,2027-04-01T00:33:30,2027-04-01T00:35
20264,TA06,33,10,33,9,2027-04-01T00:35,2027-04-01T00:36:30
20264,TA06,33,9,33,8,2027-04-01T00:36:30,2027-04-01T00:38
20264,TA06,33,8,33,7,2027-04-01T00:38,2027-04-01T00:39:30
20264,TA06,33,7,33,6,2027-04-01T00:39:30,2027-04-01T00:41
20264,TA06,33,6,33,5,2027-04-01T00:41,2027-04-01T00:42:30
20264,TA06,33,5,32,5,2027-04-01T02:42:30,2027-04-01T02:44
20264,TA06,32,5,31,5,2027-04-01T02:44,2027-04-01T02:45:30
20264,TA06,31,5,30,5,2027-04-01T02:45:30,2027-04-01T02:47
20264,TA06,30,5,29,5,2027-04-01T02:47,2027-04-01T02:48:30
20264,TA06,29,5,28,5,2027-04-01T02:48:30,2027-04-01T02:50
20264,TA06,28,5,27,5,2027-04-01T02:50,2027-04-01T02:51:30
20264,TA06,27,5,27,6,2027-04-01T02:51:30,2027-04-01T02:53
20264,TA06,27,6,27,7,2027-04-01T02:53,2027-04-01T02:54:30
20264,TA06,27,7,27,8,2027-04-01T02:54:30,2027-04-01T02:56
20264,TA06,27,8,27,9,2027-04-01T02:56,2027-04-01T02:57:30
20264,TA06,27,9,27,10,2027-04-01T02:57:30,2027-04-01T02:59
20264,TA06,27,10,27,11,2027-04-01T02:59,2027-04-01T03:00:30
20264,TA06,27,11,27,12,2027-04-01T03:00:30,2027-04-01T03:02
20264,TA06,27,12,27,13,2027-04-01T03:02,2027-04-01T03:03:30
20264,TA06,27,13,27,14,2027-04-01T03:03:30,2027-04-01T03:05
20264,TA07,27,14,28,14,2027-04-01T00:20,2027-04-01T00:21:30
20264,TA07,28,14,29,14,2027-04-01T00:21:30,2027-04-01T00:23
20264,TA07,29,14,30,14,2027-04-01T00:23,2027-04-01T00:24:30
20264,TA07,30,14,31,14,2027-04-01T00:24:30,2027-04-01T00:26
20264,TA07,31,14,32,14,2027-04-01T00:26,2027-04-01T00:27:30
20264,TA07,32,14,33,14,2027-04-01T00:27:30,2027-04-01T00:29
20264,TA07,33,14,34,14,2027-04-01T00:29,2027-04-01T00:30:30
20264,TA07,34,14,35,14,2027-04-01T00:30:30,2027-04-01T00:32
20264,TA07,35,14,36,14,2027-04-01T00:32,2027-04-01T00:33:30
20264,TA07,36,14,37,14,2027-04-01T00:33:30,2027-04-01T00:35
20264,TA07,37,14,38,14,2027-04-01T00:35,2027-04-01T00:36:30
20264,TA07,38,14,39,14,2027-04-01T00:36:30,2027-04-01T00:38
20264,TA07,39,14,40,14,2027-04-01T00:38,2027-04-01T00:39:30
20264,TA07,40,14,41,14,2027-04-01T00:39:30,2027-04-01T00:41
20264,TA07,41,14,42,14,2027-04-01T00:41,2027-04-01T00:42:30
20264,TA07,42,14,43,14,2027-04-01T00:42:30,2027-04-01T00:44
20264,TA07,43,14,44,14,2027-04-01T00:44,2027-04-01T00:45:30
20264,TA07,44,14,45,14,2027-04-01T00:45:30,2027-04-01T00:47
20264,TA07,45,14,46,14,2027-04-01T00:47,2027-04-01T00:48:30
20264,TA07,46,14,47,14,2027-04-01T00:48:30,2027-04-01T00:50
20264,TA07,47,14,48,14,2027-04-01T00:50,2027-04-01T00:51:30
20264,TA07,48,14,49,14,2027-04-01T00:51:30,2027-04-01T00:53
20264,TA07,49,14,50,14,2027-04-01T00:53,2027-04-01T00:54:30
20264,TA07,50,14,51,14,2027-04-01T00:54:30,2027-04-01T00:56
20264,TA07,51,14,52,14,2027-04-01T00:56,2027-04-01T00:57:30
20264,TA07,52,14,53,14,2027-04-01T00:57:30,2027-04-01T00:59
20264,TA07,53,14,54,14,2027-04-01T00:59,2027-04-01T01:00:30
20264,TA07,54,14,55,14,2027-04-01T01:00:30,2027-04-01T01:02
20264,TA07,55,14,56,14,2027-04-01T01:02,2027-04-01T01:03:30
20264,TA07,56,14,57,14,2027-04-01T01:03:30,2027-04-01T01:05
20264,TA07,57,14,58,14,2027-04-01T01:05,2027-04-01T01:06:30
20264,TA07,58,14,59,14,2027-04-01T01:06:30,2027-04-01T01:08
20264,TA07,59,14,60,14,2027-04-01T01:08,2027-04-01T01:09:30
20264,TA07,60,14,61,14,2027-04-01T01:09:30,2027-04-01T01:11
20264,TA07,61,14,62,14,2027-04-01T01:11,2027-04-01T01:12:30
20264,TA07,62,14,63,14,2027-04-01T01:12:30,2027-04-01T01:14
20264,TA07,63,14,64,14,2027-04-01T01:14,2027-04-01T01:15:30
20264,TA07,64,14,65,14,2027-04-01T01:15:30,2027-04-01T01:17
20264,TA07,65,14,65,13,2027-04-01T01:17,2027-04-01T01:18:30
20264,TA07,65,13,64,13,2027-04-01T03:18:30,2027-04-01T03:20
20264,TA07,64,13,63,13,2027-04-01T03:20,2027-04-01T03:21:30
20264,TA07,63,13,62,13,2027-04-01T03:21:30,2027-04-01T03:23
20264,TA07,62,13,61,13,2027-04-01T03:23,2027-04-01T03:24:30
20264,TA07,61,13,60,13,2027-04-01T03:24:30,2027-04-01T03:26
20264,TA07,60,13,59,13,2027-04-01T03:26,2027-04-01T03:27:30
20264,TA07,59,13,58,13,2027-04-01T03:27:30,2027-04-01T03:29
20264,TA07,58,13,57,13,2027-04-01T03:29,2027-04-01T03:30:30
20264,TA07,57,13,57,14,2027-04-01T03:30:30,2027-04-01T03:32
20264,TA07,57,14,57,15,2027-04-01T03:32,2027-04-01T03:33:30
20264,TA07,57,15,57,16,2027-04-01T03:33:30,2027-04-01T03:35
20264,TA07,57,16,57,17,2027-04-01T03:35,2027-04-01T03:36:30
20264,TA07,57,17,57,18,2027-04-01T03:36:30,2027-04-01T03:38
20264,TA07,57,18,57,19,2027-04-01T03:38,2027-04-01T03:39:30
20264,TA07,57,19,57,20,2027-04-01T03:39:30,2027-04-01T03:41
20264,TA07,57,20,57,21,2027-04-01T03:41,2027-04-01T03:42:30
20264,TA07,57,21,57,22,2027-04-01T03:42:30,2027-04-01T03:44
20264,TA07,57,22,57,23,2027-04-01T03:44,2027-04-01T03:45:30
20264,TA07,57,23,57,24,2027-04-01T03:45:30,2027-04-01T03:47
20264,TA07,57,24,57,25,2027-04-01T03:47,2027-04-01T03:48:30
20264,TA07,57,25,57,26,2027-04-01T03:48:30,2027-04-01T03:50
20264,TA07,57,26,57,27,2027-04-01T03:50,2027-04-01T03:51:30
20264,TA08,27,14,28,14,2027-04-01T00:20,2027-04-01T00:21:30
20264,TA08,28,14,29,14,2027-04-01T00:21:30,2027-04-01T00:23
20264,TA08,29,14,29,15,2027-04-01T00:23,2027-04-01T00:24:30
20264,TA08,29,15,29,16,2027-04-01T00:24:30,2027-04-01T00:26
20264,TA08,29,16,29,17,2027-04-01T00:26,2027-04-01T00:27:30
20264,TA08,29,17,29,18,2027-04-01T00:27:30,2027-04-01T00:29
20264,TA08,29,18,29,19,2027-04-01T00:29,2027-04-01T00:30:30
20264,TA08,29,19,30,19,2027-04-01T00:30:30,2027-04-01T00:32
20264,TA08,30,19,30,20,2027-04-01T00:32,2027-04-01T00:33:30
20264,TA08,30,20,30,21,2027-04-01T00:33:30,2027-04-01T00:35
20264,TA08,30,21,30,22,2027-04-01T00:35,2027-04-01T00:36:30
20264,TA08,30,22,30,23,2027-04-01T00:36:30,2027-04-01T00:38
20264,TA08,30,23,30,24,2027-04-01T00:38,2027-04-01T00:39:30
20264,TA08,30,24,29,24,2027-04-01T02:39:30,2027-04-01T02:41
20264,TA08,29,24,28,24,2027-04-01T02:41,2027-04-01T02:42:30
20264,TA08,28,24,27,24,2027-04-01T02:42:30,2027-04-01T02:44
20264,TA08,27,24,27,23,2027-04-01T02:44,2027-04-01T02:45:30
20264,TA08,27,23,27,22,2027-04-01T02:45:30,2027-04-01T02:47
20264,TA08,27,22,27,21,2027-04-01T02:47,2027-04-01T02:48:30
20264,TA08,27,21,27,20,2027-04-01T02:48:30,2027-04-01T02:50
20264,TA08,27,20,27,19,2027-04-01T02:50,2027-04-01T02:51:30
20264,TA08,27,19,27,18,2027-04-01T02:51:30,2027-04-01T02:53
20264,TA08,27,18,27,17,2027-04-01T02:53,2027-04-01T02:54:30
20264,TA08,27,17,27,16,2027-04-01T02:54:30,2027-04-01T02:56
20264,TA08,27,16,27,15,2027-04-01T02:56,2027-04-01T02:57:30
20264,TA08,27,15,27,14,2027-04-01T02:57:30,2027-04-01T02:59
20264,TA09,27,14,28,14,2027-04-01T00:20,2027-04-01T00:21:30
20264,TA09,28,14,29,14,2027-04-01T00:21:30,2027-04-01T00:23
20264,TA09,29,14,29,15,2027-04-01T00:23,2027-04-01T00:24:30
20264,TA09,29,15,29,16,2027-04-01T00:24:30,2027-04-01T00:26
20264,TA09,29,16,29,17,2027-04-01T00:26,2027-04-01T00:27:30
20264,TA09,29,17,29,18,2027-04-01T00:27:30,2027-04-01T00:29
20264,TA09,29,18,29,19,2027-04-01T00:29,2027-04-01T00:30:30
20264,TA09,29,19,30,19,2027-04-01T00:30:30,2027-04-01T00:32
20264,TA09,30,19,30,20,2027-04-01T00:32,2027-04-01T00:33:30
20264,TA09,30,20,30,21,2027-04-01T00:33:30,2027-04-01T00:35
20264,TA09,30,21,30,22,2027-04-01T00:35,2027-04-01T00:36:30
20264,TA09,30,22,30,23,2027-04-01T00:36:30,2027-04-01T00:38
20264,TA09,30,23,30,24,2027-04-01T00:38,2027-04-01T00:39:30
20264,TA09,30,24,29,24,2027-04-01T02:39:30,2027-04-01T02:41
20264,TA09,29,24,28,24,2027-04-01T02:41,2027-04-01T02:42:30
20264,TA09,28,24,27,24,2027-04-01T02:42:30,2027-04-01T02:44
20264,TA09,27,24,27,23,2027-04-01T02:44,2027-04-01T02:45:30
20264,TA09,27,23,27,22,2027-04-01T02:45:30,2027-04-01T02:47
20264,TA09,27,22,27,21,2027-04-01T02:47,2027-04-01T02:48:30
20264,TA09,27,21,27,20,2027-04-01T02:48:30,2027-04-01T02:50
20264,TA09,27,20,27,19,2027-04-01T02:50,2027-04-01T02:51:30
20264,TA09,27,19,27,18,2027-04-01T02:51:30,2027-04-01T02:53
20264,TA09,27,18,27,17,2027-04-01T02:53,2027-04-01T02:54:30
20264,TA09,27,17,27,16,2027-04-01T02:54:30,2027-04-01T02:56
20264,TA09,27,16,27,15,2027-04-01T02:56,2027-04-01T02:57:30
20264,TA09,27,15,27,14,2027-04-01T02:57:30,2027-04-01T02:59
20264,TM06,27,14,28,14,2027-04-01T00:20,2027-04-01T00:22:24
20264,TM06,28,14,29,14,2027-04-01T00:22:24,2027-04-01T00:24:48
20264,TM06,29,14,29,15,2027-04-01T00:24:48,2027-04-01T00:27:12
20264,TM06,29,15,29,16,2027-04-01T00:27:12,2027-04-01T00:29:36
20264,TM06,29,16,29,17,2027-04-01T00:29:36,2027-04-01T00:32
20264,TM06,29,17,29,18,2027-04-01T00:32,2027-04-01T00:34:24
20264,TM06,29,18,29,19,2027-04-01T00:34:24,2027-04-01T00:36:48
20264,TM06,29,19,30,19,2027-04-01T00:36:48,2027-04-01T00:39:12
20264,TM06,30,19,31,19,2027-04-01T00:39:12,2027-04-01T00:41:36
20264,TM06,31,19,31,18,2027-04-01T00:41:36,2027-04-01T00:44
20264,TM06,31,18,31,17,2027-04-01T00:44,2027-04-01T00:46:24
20264,TM06,31,17,31,16,2027-04-01T00:46:24,2027-04-01T00:48:48
20264,TM06,31,16,31,15,2027-04-01T00:48:48,2027-04-01T00:51:12
20264,TM06,31,15,31,14,2027-04-01T00:51:12,2027-04-01T00:53:36
20264,TM06,31,14,31,13,2027-04-01T00:53:36,2027-04-01T00:56
20264,TM06,31,13,31,12,2027-04-01T00:56,2027-04-01T00:58:24
20264,TM06,31,12,31,11,2027-04-01T00:58:24,2027-04-01T01:00:48
20264,TM06,31,11,32,11,2027-04-01T01:00:48,2027-04-01T01:03:12
20264,TM06,32,11,33,11,2027-04-01T01:03:12,2027-04-01T01:05:36
20264,TM06,33,11,34,11,2027-04-01T01:05:36,2027-04-01T01:08
20264,TM06,34,11,35,11,2027-04-01T01:08,2027-04-01T01:10:24
20264,TM06,35,11,36,11,2027-04-01T01:10:24,2027-04-01T01:12:48
20264,TM06,36,11,37,11,2027-04-01T01:12:48,2027-04-01T01:15:12
20264,TM06,37,11,38,11,2027-04-01T01:15:12,2027-04-01T01:17:36
20264,TM06,38,11,37,11,2027-04-01T03:17:36,2027-04-01T03:20
20264,TM06,37,11,36,11,2027-04-01T03:20,2027-04-01T03:22:24
20264,TM06,36,11,35,11,2027-04-01T03:22:24,2027-04-01T03:24:48
20264,TM06,35,11,34,11,2027-04-01T03:24:48,2027-04-01T03:27:12
20264,TM06,34,11,33,11,2027-04-01T03:27:12,2027-04-01T03:29:36
20264,TM06,33,11,32,11,2027-04-01T03:29:36,2027-04-01T03:32
20264,TM06,32,11,31,11,2027-04-01T03:32,2027-04-01T03:34:24
20264,TM06,31,11,30,11,2027-04-01T03:34:24,2027-04-01T03:36:48
20264,TM06,30,11,29,11,2027-04-01T03:36:48,2027-04-01T03:39:12
20264,TM06,29,11,28,11,2027-04-01T03:39:12,2027-04-01T03:41:36
20264,TM06,28,11,27,11,2027-04-01T03:41:36,2027-04-01T03:44
20264,TM06,27,11,27,12,2027-04-01T03:44,2027-04-01T03:46:24
20264,TM06,27,12,27,13,2027-04-01T03:46:24,2027-04-01T03:48:48
20264,TM06,27,13,27,14,2027-04-01T03:48:48,2027-04-01T03:51:12
20264,TM07,27,14,28,14,2027-04-01T00:20,2027-04-01T00:22:24
20264,TM07,28,14,29,14,2027-04-01T00:22:24,2027-04-01T00:24:48
20264,TM07,29,14,29,15,2027-04-01T00:24:48,2027-04-01T00:27:12
20264,TM07,29,15,29,16,2027-04-01T00:27:12,2027-04-01T00:29:36
20264,TM07,29,16,29,17,2027-04-01T00:29:36,2027-04-01T00:32
20264,TM07,29,17,29,18,2027-04-01T00:32,2027-04-01T00:34:24
20264,TM07,29,18,29,19,2027-04-01T00:34:24,2027-04-01T00:36:48
20264,TM07,29,19,30,19,2027-04-01T00:36:48,2027-04-01T00:39:12
20264,TM07,30,19,31,19,2027-04-01T00:39:12,2027-04-01T00:41:36
20264,TM07,31,19,31,18,2027-04-01T00:41:36,2027-04-01T00:44
20264,TM07,31,18,31,17,2027-04-01T00:44,2027-04-01T00:46:24
20264,TM07,31,17,31,16,2027-04-01T00:46:24,2027-04-01T00:48:48
20264,TM07,31,16,31,15,2027-04-01T00:48:48,2027-04-01T00:51:12
20264,TM07,31,15,31,14,2027-04-01T00:51:12,2027-04-01T00:53:36
20264,TM07,31,14,31,13,2027-04-01T00:53:36,2027-04-01T00:56
20264,TM07,31,13,31,12,2027-04-01T00:56,2027-04-01T00:58:24
20264,TM07,31,12,31,11,2027-04-01T00:58:24,2027-04-01T01:00:48
20264,TM07,31,11,32,11,2027-04-01T01:00:48,2027-04-01T01:03:12
20264,TM07,32,11,33,11,2027-04-01T01:03:12,2027-04-01T01:05:36
20264,TM07,33,11,34,11,2027-04-01T01:05:36,2027-04-01T01:08
20264,TM07,34,11,35,11,2027-04-01T01:08,2027-04-01T01:10:24
20264,TM07,35,11,36,11,2027-04-01T01:10:24,2027-04-01T01:12:48
20264,TM07,36,11,37,11,2027-04-01T01:12:48,2027-04-01T01:15:12
20264,TM07,37,11,38,11,2027-04-01T01:15:12,2027-04-01T01:17:36
20264,TM07,38,11,37,11,2027-04-01T03:17:36,2027-04-01T03:20
20264,TM07,37,11,36,11,2027-04-01T03:20,2027-04-01T03:22:24
20264,TM07,36,11,35,11,2027-04-01T03:22:24,2027-04-01T03:24:48
20264,TM07,35,11,34,11,2027-04-01T03:24:48,2027-04-01T03:27:12
20264,TM07,34,11,33,11,2027-04-01T03:27:12,2027-04-01T03:29:36
20264,TM07,33,11,32,11,2027-04-01T03:29:36,2027-04-01T03:32
20264,TM07,32,11,31,11,2027-04-01T03:32,2027-04-01T03:34:24
20264,TM07,31,11,30,11,2027-04-01T03:34:24,2027-04-01T03:36:48
20264,TM07,30,11,29,11,2027-04-01T03:36:48,2027-04-01T03:39:12
20264,TM07,29,11,28,11,2027-04-01T03:39:12,2027-04-01T03:41:36
20264,TM07,28,11,27,11,2027-04-01T03:41:36,2027-04-01T03:44
20264,TM07,27,11,27,12,2027-04-01T03:44,2027-04-01T03:46:24
20264,TM07,27,12,27,13,2027-04-01T03:46:24,2027-04-01T03:48:48
20264,TM07,27,13,27,14,2027-04-01T03:48:48,2027-04-01T03:51:12
20264,TM15,27,14,28,14,2027-04-01T00:20,2027-04-01T00:22:24
20264,TM15,28,14,29,14,2027-04-01T00:22:24,2027-04-01T00:24:48
20264,TM15,29,14,29,15,2027-04-01T00:24:48,2027-04-01T00:27:12
20264,TM15,29,15,29,16,2027-04-01T00:27:12,2027-04-01T00:29:36
20264,TM15,29,16,29,17,2027-04-01T00:29:36,2027-04-01T00:32
20264,TM15,29,17,29,18,2027-04-01T00:32,2027-04-01T00:34:24
20264,TM15,29,18,29,19,2027-04-01T00:34:24,2027-04-01T00:36:48
20264,TM15,29,19,30,19,2027-04-01T00:36:48,2027-04-01T00:39:12
20264,TM15,30,19,31,19,2027-04-01T00:39:12,2027-04-01T00:41:36
20264,TM15,31,19,31,18,2027-04-01T00:41:36,2027-04-01T00:44
20264,TM15,31,18,31,17,2027-04-01T00:44,2027-04-01T00:46:24
20264,TM15,31,17,31,16,2027-04-01T00:46:24,2027-04-01T00:48:48
20264,TM15,31,16,31,15,2027-04-01T00:48:48,2027-04-01T00:51:12
20264,TM15,31,15,31,14,2027-04-01T00:51:12,2027-04-01T00:53:36
20264,TM15,31,14,31,13,2027-04-01T00:53:36,2027-04-01T00:56
20264,TM15,31,13,31,12,2027-04-01T00:56,2027-04-01T00:58:24
20264,TM15,31,12,31,11,2027-04-01T00:58:24,2027-04-01T01:00:48
20264,TM15,31,11,32,11,2027-04-01T01:00:48,2027-04-01T01:03:12
20264,TM15,32,11,33,11,2027-04-01T01:03:12,2027-04-01T01:05:36
20264,TM15,33,11,34,11,2027-04-01T01:05:36,2027-04-01T01:08
20264,TM15,34,11,35,11,2027-04-01T01:08,2027-04-01T01:10:24
20264,TM15,35,11,36,11,2027-04-01T01:10:24,2027-04-01T01:12:48
20264,TM15,36,11,37,11,2027-04-01T01:12:48,2027-04-01T01:15:12
20264,TM15,37,11,38,11,2027-04-01T01:15:12,2027-04-01T01:17:36
20264,TM15,38,11,37,11,2027-04-01T03:17:36,2027-04-01T03:20
20264,TM15,37,11,36,11,2027-04-01T03:20,2027-04-01T03:22:24
20264,TM15,36,11,35,11,2027-04-01T03:22:24,2027-04-01T03:24:48
20264,TM15,35,11,34,11,2027-04-01T03:24:48,2027-04-01T03:27:12
20264,TM15,34,11,33,11,2027-04-01T03:27:12,2027-04-01T03:29:36
20264,TM15,33,11,32,11,2027-04-01T03:29:36,2027-04-01T03:32
20264,TM15,32,11,31,11,2027-04-01T03:32,2027-04-01T03:34:24
20264,TM15,31,11,30,11,2027-04-01T03:34:24,2027-04-01T03:36:48
20264,TM15,30,11,29,11,2027-04-01T03:36:48,2027-04-01T03:39:12
20264,TM15,29,11,28,11,2027-04-01T03:39:12,2027-04-01T03:41:36
20264,TM15,28,11,27,11,2027-04-01T03:41:36,2027-04-01T03:44
20264,TM15,27,11,27,12,2027-04-01T03:44,2027-04-01T03:46:24
20264,TM15,27,12,27,13,2027-04-01T03:46:24,2027-04-01T03:48:48
20264,TM15,27,13,27,14,2027-04-01T03:48:48,2027-04-01T03:51:12
20264,TA04,27,14,28,14,2027-04-01T00:30,2027-04-01T00:31:30
20264,TA04,28,14,29,14,2027-04-01T00:31:30,2027-04-01T00:33
20264,TA04,29,14,29,15,2027-04-01T00:33,2027-04-01T00:34:30
20264,TA04,29,15,29,16,2027-04-01T00:34:30,2027-04-01T00:36
20264,TA04,29,16,29,17,2027-04-01T00:36,2027-04-01T00:37:30
20264,TA04,29,17,29,18,2027-04-01T00:37:30,2027-04-01T00:39
20264,TA04,29,18,29,19,2027-04-01T00:39,2027-04-01T00:40:30
20264,TA04,29,19,30,19,2027-04-01T00:40:30,2027-04-01T00:42
20264,TA04,30,19,31,19,2027-04-01T00:42,2027-04-01T00:43:30
20264,TA04,31,19,32,19,2027-04-01T00:43:30,2027-04-01T00:45
20264,TA04,32,19,33,19,2027-04-01T00:45,2027-04-01T00:46:30
20264,TA04,33,19,34,19,2027-04-01T00:46:30,2027-04-01T00:48
20264,TA04,34,19,35,19,2027-04-01T00:48,2027-04-01T00:49:30
20264,TA04,35,19,36,19,2027-04-01T00:49:30,2027-04-01T00:51
20264,TA04,36,19,37,19,2027-04-01T00:51,2027-04-01T00:52:30
20264,TA04,37,19,38,19,2027-04-01T00:52:30,2027-04-01T00:54
20264,TA04,38,19,39,19,2027-04-01T00:54,2027-04-01T00:55:30
20264,TA04,39,19,40,19,2027-04-01T00:55:30,2027-04-01T00:57
20264,TA04,40,19,41,19,2027-04-01T00:57,2027-04-01T00:58:30
20264,TA04,41,19,42,19,2027-04-01T00:58:30,2027-04-01T01:00
20264,TA04,42,19,43,19,2027-04-01T01:00,2027-04-01T01:01:30
20264,TA04,43,19,44,19,2027-04-01T01:01:30,2027-04-01T01:03
20264,TA04,44,19,45,19,2027-04-01T01:03,2027-04-01T01:04:30
20264,TA04,45,19,46,19,2027-04-01T01:04:30,2027-04-01T01:06
20264,TA04,46,19,47,19,2027-04-01T01:06,2027-04-01T01:07:30
20264,TA04,47,19,48,19,2027-04-01T01:07:30,2027-04-01T01:09
20264,TA04,48,19,49,19,2027-04-01T01:09,2027-04-01T01:10:30
20264,TA04,49,19,50,19,2027-04-01T01:10:30,2027-04-01T01:12
20264,TA04,50,19,50,20,2027-04-01T01:12,2027-04-01T01:13:30
20264,TA04,50,20,50,21,2027-04-01T01:13:30,2027-04-01T01:15
20264,TA04,50,21,50,22,2027-04-01T01:15,2027-04-01T01:16:30
20264,TA04,50,22,50,23,2027-04-01T01:16:30,2027-04-01T01:18
20264,TA04,50,23,50,24,2027-04-01T01:18,2027-04-01T01:19:30
20264,TA04,50,24,50,25,2027-04-01T01:19:30,2027-04-01T01:21
20264,TA04,50,25,50,26,2027-04-01T01:21,2027-04-01T01:22:30
20264,TA04,50,26,50,27,2027-04-01T01:22:30,2027-04-01T01:24
20264,TA04,50,27,50,28,2027-04-01T01:24,2027-04-01T01:25:30
20264,TA04,50,28,50,29,2027-04-01T01:25:30,2027-04-01T01:27
20264,TA04,50,29,50,30,2027-04-01T01:27,2027-04-01T01:28:30
20264,TA04,50,30,50,31,2027-04-01T01:28:30,2027-04-01T01:30
20264,TA04,50,31,50,32,2027-04-01T01:30,2027-04-01T01:31:30
20264,TA04,50,32,50,31,2027-04-01T03:31:30,2027-04-01T03:33
20264,TA04,50,31,50,30,2027-04-01T03:33,2027-04-01T03:34:30
20264,TA04,50,30,50,29,2027-04-01T03:34:30,2027-04-01T03:36
20264,TA04,50,29,50,28,2027-04-01T03:36,2027-04-01T03:37:30
20264,TA04,50,28,50,27,2027-04-01T03:37:30,2027-04-01T03:39
20264,TA04,50,27,51,27,2027-04-01T03:39,2027-04-01T03:40:30
20264,TA04,51,27,52,27,2027-04-01T03:40:30,2027-04-01T03:42
20264,TA04,52,27,53,27,2027-04-01T03:42,2027-04-01T03:43:30
20264,TA04,53,27,54,27,2027-04-01T03:43:30,2027-04-01T03:45
20264,TA04,54,27,55,27,2027-04-01T03:45,2027-04-01T03:46:30
20264,TA04,55,27,56,27,2027-04-01T03:46:30,2027-04-01T03:48
20264,TA04,56,27,57,27,2027-04-01T03:48,2027-04-01T03:49:30
20264,TM10,27,14,28,14,2027-04-01T00:30,2027-04-01T00:32:24
20264,TM10,28,14,29,14,2027-04-01T00:32:24,2027-04-01T00:34:48
20264,TM10,29,14,29,15,2027-04-01T00:34:48,2027-04-01T00:37:12
20264,TM10,29,15,29,16,2027-04-01T00:37:12,2027-04-01T00:39:36
20264,TM10,29,16,29,17,2027-04-01T00:39:36,2027-04-01T00:42
20264,TM10,29,17,29,18,2027-04-01T00:42,2027-04-01T00:44:24
20264,TM10,29,18,29,19,2027-04-01T00:44:24,2027-04-01T00:46:48
20264,TM10,29,19,30,19,2027-04-01T00:46:48,2027-04-01T00:49:12
20264,TM10,30,19,31,19,2027-04-01T00:49:12,2027-04-01T00:51:36
20264,TM10,31,19,32,19,2027-04-01T00:51:36,2027-04-01T00:54
20264,TM10,32,19,33,19,2027-04-01T00:54,2027-04-01T00:56:24
20264,TM10,33,19,34,19,2027-04-01T00:56:24,2027-04-01T00:58:48
20264,TM10,34,19,35,19,2027-04-01T00:58:48,2027-04-01T01:01:12
20264,TM10,35,19,36,19,2027-04-01T01:01:12,2027-04-01T01:03:36
20264,TM10,36,19,37,19,2027-04-01T01:03:36,2027-04-01T01:06
20264,TM10,37,19,38,19,2027-04-01T01:06,2027-04-01T01:08:24
20264,TM10,38,19,39,19,2027-04-01T01:08:24,2027-04-01T01:10:48
20264,TM10,39,19,40,19,2027-04-01T01:10:48,2027-04-01T01:13:12
20264,TM10,40,19,41,19,2027-04-01T01:13:12,2027-04-01T01:15:36
20264,TM10,41,19,42,19,2027-04-01T01:15:36,2027-04-01T01:18
20264,TM10,42,19,43,19,2027-04-01T01:18,2027-04-01T01:20:24
20264,TM10,43,19,44,19,2027-04-01T01:20:24,2027-04-01T01:22:48
20264,TM10,44,19,45,19,2027-04-01T01:22:48,2027-04-01T01:25:12
20264,TM10,45,19,46,19,2027-04-01T01:25:12,2027-04-01T01:27:36
20264,TM10,46,19,46,20,2027-04-01T01:27:36,2027-04-01T01:30
20264,TM10,46,20,47,20,2027-04-01T03:30,2027-04-01T03:32:24
20264,TM10,47,20,48,20,2027-04-01T03:32:24,2027-04-01T03:34:48
20264,TM10,48,20,49,20,2027-04-01T03:34:48,2027-04-01T03:37:12
20264,TM10,49,20,50,20,2027-04-01T03:37:12,2027-04-01T03:39:36
20264,TM10,50,20,51,20,2027-04-01T03:39:36,2027-04-01T03:42
20264,TM10,51,20,52,20,2027-04-01T03:42,2027-04-01T03:44:24
20264,TM10,52,20,53,20,2027-04-01T03:44:24,2027-04-01T03:46:48
20264,TM10,53,20,54,20,2027-04-01T03:46:48,2027-04-01T03:49:12
20264,TM10,54,20,54,21,2027-04-01T03:49:12,2027-04-01T03:51:36
20264,TM10,54,21,54,22,2027-04-01T03:51:36,2027-04-01T03:54
20264,TM10,54,22,54,23,2027-04-01T03:54,2027-04-01T03:56:24
20264,TM10,54,23,54,24,2027-04-01T03:56:24,2027-04-01T03:58:48
20264,TM10,54,24,54,25,2027-04-01T03:58:48,2027-04-01T04:01:12
20264,TM10,54,25,54,26,2027-04-01T04:01:12,2027-04-01T04:03:36
20264,TM10,54,26,55,26,2027-04-01T04:03:36,2027-04-01T04:06
20264,TM10,55,26,56,26,2027-04-01T04:06,2027-04-01T04:08:24
20264,TM10,56,26,57,26,2027-04-01T04:08:24,2027-04-01T04:10:48
20264,TM10,57,26,57,27,2027-04-01T04:10:48,2027-04-01T04:13:12
20264,TM11,27,14,28,14,2027-04-01T00:30,2027-04-01T00:32:24
20264,TM11,28,14,29,14,2027-04-01T00:32:24,2027-04-01T00:34:48
20264,TM11,29,14,29,15,2027-04-01T00:34:48,2027-04-01T00:37:12
20264,TM11,29,15,29,16,2027-04-01T00:37:12,2027-04-01T00:39:36
20264,TM11,29,16,29,17,2027-04-01T00:39:36,2027-04-01T00:42
20264,TM11,29,17,29,18,2027-04-01T00:42,2027-04-01T00:44:24
20264,TM11,29,18,29,19,2027-04-01T00:44:24,2027-04-01T00:46:48
20264,TM11,29,19,30,19,2027-04-01T00:46:48,2027-04-01T00:49:12
20264,TM11,30,19,31,19,2027-04-01T00:49:12,2027-04-01T00:51:36
20264,TM11,31,19,32,19,2027-04-01T00:51:36,2027-04-01T00:54
20264,TM11,32,19,33,19,2027-04-01T00:54,2027-04-01T00:56:24
20264,TM11,33,19,34,19,2027-04-01T00:56:24,2027-04-01T00:58:48
20264,TM11,34,19,35,19,2027-04-01T00:58:48,2027-04-01T01:01:12
20264,TM11,35,19,36,19,2027-04-01T01:01:12,2027-04-01T01:03:36
20264,TM11,36,19,37,19,2027-04-01T01:03:36,2027-04-01T01:06
20264,TM11,37,19,38,19,2027-04-01T01:06,2027-04-01T01:08:24
20264,TM11,38,19,39,19,2027-04-01T01:08:24,2027-04-01T01:10:48
20264,TM11,39,19,40,19,2027-04-01T01:10:48,2027-04-01T01:13:12
20264,TM11,40,19,41,19,2027-04-01T01:13:12,2027-04-01T01:15:36
20264,TM11,41,19,42,19,2027-04-01T01:15:36,2027-04-01T01:18
20264,TM11,42,19,43,19,2027-04-01T01:18,2027-04-01T01:20:24
20264,TM11,43,19,44,19,2027-04-01T01:20:24,2027-04-01T01:22:48
20264,TM11,44,19,45,19,2027-04-01T01:22:48,2027-04-01T01:25:12
20264,TM11,45,19,46,19,2027-04-01T01:25:12,2027-04-01T01:27:36
20264,TM11,46,19,47,19,2027-04-01T01:27:36,2027-04-01T01:30
20264,TM11,47,19,48,19,2027-04-01T01:30,2027-04-01T01:32:24
20264,TM11,48,19,49,19,2027-04-01T01:32:24,2027-04-01T01:34:48
20264,TM11,49,19,50,19,2027-04-01T01:34:48,2027-04-01T01:37:12
20264,TM11,50,19,51,19,2027-04-01T01:37:12,2027-04-01T01:39:36
20264,TM11,51,19,52,19,2027-04-01T01:39:36,2027-04-01T01:42
20264,TM11,52,19,53,19,2027-04-01T01:42,2027-04-01T01:44:24
20264,TM11,53,19,54,19,2027-04-01T01:44:24,2027-04-01T01:46:48
20264,TM11,54,19,55,19,2027-04-01T01:46:48,2027-04-01T01:49:12
20264,TM11,55,19,56,19,2027-04-01T01:49:12,2027-04-01T01:51:36
20264,TM11,56,19,57,19,2027-04-01T01:51:36,2027-04-01T01:54
20264,TM11,57,19,58,19,2027-04-01T01:54,2027-04-01T01:56:24
20264,TM11,58,19,59,19,2027-04-01T01:56:24,2027-04-01T01:58:48
20264,TM11,59,19,60,19,2027-04-01T01:58:48,2027-04-01T02:01:12
20264,TM11,60,19,61,19,2027-04-01T02:01:12,2027-04-01T02:03:36
20264,TM11,61,19,62,19,2027-04-01T02:03:36,2027-04-01T02:06
20264,TM11,62,19,63,19,2027-04-01T02:06,2027-04-01T02:08:24
20264,TM11,63,19,64,19,2027-04-01T02:08:24,2027-04-01T02:10:48
20264,TM11,64,19,65,19,2027-04-01T02:10:48,2027-04-01T02:13:12
20264,TM11,65,19,66,19,2027-04-01T02:13:12,2027-04-01T02:15:36
20264,TM11,66,19,67,19,2027-04-01T02:15:36,2027-04-01T02:18
20264,TM11,67,19,68,19,2027-04-01T02:18,2027-04-01T02:20:24
20264,TM11,68,19,69,19,2027-04-01T02:20:24,2027-04-01T02:22:48
20264,TM11,69,19,69,20,2027-04-01T02:22:48,2027-04-01T02:25:12
20264,TM11,69,20,69,21,2027-04-01T02:25:12,2027-04-01T02:27:36
20264,TM11,69,21,69,22,2027-04-01T02:27:36,2027-04-01T02:30
20264,TM11,69,22,69,23,2027-04-01T02:30,2027-04-01T02:32:24
20264,TM11,69,23,69,24,2027-04-01T02:32:24,2027-04-01T02:34:48
20264,TM11,69,24,69,25,2027-04-01T02:34:48,2027-04-01T02:37:12
20264,TM11,69,25,69,26,2027-04-01T02:37:12,2027-04-01T02:39:36
20264,TM11,69,26,69,27,2027-04-01T02:39:36,2027-04-01T02:42
20264,TM11,69,27,69,28,2027-04-01T02:42,2027-04-01T02:44:24
20264,TM11,69,28,69,29,2027-04-01T02:44:24,2027-04-01T02:46:48
20264,TM11,69,29,69,30,2027-04-01T02:46:48,2027-04-01T02:49:12
20264,TM11,69,30,69,31,2027-04-01T02:49:12,2027-04-01T02:51:36
20264,TM11,69,31,69,32,2027-04-01T02:51:36,2027-04-01T02:54
20264,TM11,69,32,69,33,2027-04-01T02:54,2027-04-01T02:56:24
20264,TM11,69,33,69,34,2027-04-01T02:56:24,2027-04-01T02:58:48
20264,TM11,69,34,69,35,2027-04-01T02:58:48,2027-04-01T03:01:12
20264,TM11,69,35,69,36,2027-04-01T03:01:12,2027-04-01T03:03:36
20264,TM11,69,36,68,36,2027-04-01T05:03:36,2027-04-01T05:06
20264,TM11,68,36,67,36,2027-04-01T05:06,2027-04-01T05:08:24
20264,TM11,67,36,66,36,2027-04-01T05:08:24,2027-04-01T05:10:48
20264,TM11,66,36,65,36,2027-04-01T05:10:48,2027-04-01T05:13:12
20264,TM11,65,36,64,36,2027-04-01T05:13:12,2027-04-01T05:15:36
20264,TM11,64,36,63,36,2027-04-01T05:15:36,2027-04-01T05:18
20264,TM11,63,36,62,36,2027-04-01T05:18,2027-04-01T05:20:24
20264,TM11,62,36,61,36,2027-04-01T05:20:24,2027-04-01T05:22:48
20264,TM11,61,36,60,36,2027-04-01T05:22:48,2027-04-01T05:25:12
20264,TM11,60,36,59,36,2027-04-01T05:25:12,2027-04-01T05:27:36
20264,TM11,59,36,58,36,2027-04-01T05:27:36,2027-04-01T05:30
20264,TM11,58,36,57,36,2027-04-01T05:30,2027-04-01T05:32:24
20264,TM11,57,36,57,35,2027-04-01T05:32:24,2027-04-01T05:34:48
20264,TM11,57,35,57,34,2027-04-01T05:34:48,2027-04-01T05:37:12
20264,TM11,57,34,57,33,2027-04-01T05:37:12,2027-04-01T05:39:36
20264,TM11,57,33,57,32,2027-04-01T05:39:36,2027-04-01T05:42
20264,TM11,57,32,57,31,2027-04-01T05:42,2027-04-01T05:44:24
20264,TM11,57,31,57,30,2027-04-01T05:44:24,2027-04-01T05:46:48
20264,TM11,57,30,57,29,2027-04-01T05:46:48,2027-04-01T05:49:12
20264,TM11,57,29,57,28,2027-04-01T05:49:12,2027-04-01T05:51:36
20264,TM11,57,28,57,27,2027-04-01T05:51:36,2027-04-01T05:54
20264,TM13,27,14,28,14,2027-04-01T00:30,2027-04-01T00:32:24
20264,TM13,28,14,29,14,2027-04-01T00:32:24,2027-04-01T00:34:48
20264,TM13,29,14,29,15,2027-04-01T00:34:48,2027-04-01T00:37:12
20264,TM13,29,15,29,16,2027-04-01T00:37:12,2027-04-01T00:39:36
20264,TM13,29,16,29,17,2027-04-01T00:39:36,2027-04-01T00:42
20264,TM13,29,17,29,18,2027-04-01T00:42,2027-04-01T00:44:24
20264,TM13,29,18,29,19,2027-04-01T00:44:24,2027-04-01T00:46:48
20264,TM13,29,19,30,19,2027-04-01T00:46:48,2027-04-01T00:49:12
20264,TM13,30,19,31,19,2027-04-01T00:49:12,2027-04-01T00:51:36
20264,TM13,31,19,32,19,2027-04-01T00:51:36,2027-04-01T00:54
20264,TM13,32,19,33,19,2027-04-01T00:54,2027-04-01T00:56:24
20264,TM13,33,19,34,19,2027-04-01T00:56:24,2027-04-01T00:58:48
20264,TM13,34,19,35,19,2027-04-01T00:58:48,2027-04-01T01:01:12
20264,TM13,35,19,36,19,2027-04-01T01:01:12,2027-04-01T01:03:36
20264,TM13,36,19,37,19,2027-04-01T01:03:36,2027-04-01T01:06
20264,TM13,37,19,38,19,2027-04-01T01:06,2027-04-01T01:08:24
20264,TM13,38,19,39,19,2027-04-01T01:08:24,2027-04-01T01:10:48
20264,TM13,39,19,40,19,2027-04-01T01:10:48,2027-04-01T01:13:12
20264,TM13,40,19,41,19,2027-04-01T01:13:12,2027-04-01T01:15:36
20264,TM13,41,19,42,19,2027-04-01T01:15:36,2027-04-01T01:18
20264,TM13,42,19,43,19,2027-04-01T01:18,2027-04-01T01:20:24
20264,TM13,43,19,44,19,2027-04-01T01:20:24,2027-04-01T01:22:48
20264,TM13,44,19,45,19,2027-04-01T01:22:48,2027-04-01T01:25:12
20264,TM13,45,19,46,19,2027-04-01T01:25:12,2027-04-01T01:27:36
20264,TM13,46,19,47,19,2027-04-01T01:27:36,2027-04-01T01:30
20264,TM13,47,19,48,19,2027-04-01T01:30,2027-04-01T01:32:24
20264,TM13,48,19,49,19,2027-04-01T01:32:24,2027-04-01T01:34:48
20264,TM13,49,19,50,19,2027-04-01T01:34:48,2027-04-01T01:37:12
20264,TM13,50,19,51,19,2027-04-01T01:37:12,2027-04-01T01:39:36
20264,TM13,51,19,52,19,2027-04-01T01:39:36,2027-04-01T01:42
20264,TM13,52,19,53,19,2027-04-01T01:42,2027-04-01T01:44:24
20264,TM13,53,19,54,19,2027-04-01T01:44:24,2027-04-01T01:46:48
20264,TM13,54,19,55,19,2027-04-01T01:46:48,2027-04-01T01:49:12
20264,TM13,55,19,56,19,2027-04-01T01:49:12,2027-04-01T01:51:36
20264,TM13,56,19,57,19,2027-04-01T01:51:36,2027-04-01T01:54
20264,TM13,57,19,58,19,2027-04-01T01:54,2027-04-01T01:56:24
20264,TM13,58,19,59,19,2027-04-01T01:56:24,2027-04-01T01:58:48
20264,TM13,59,19,60,19,2027-04-01T01:58:48,2027-04-01T02:01:12
20264,TM13,60,19,61,19,2027-04-01T02:01:12,2027-04-01T02:03:36
20264,TM13,61,19,62,19,2027-04-01T02:03:36,2027-04-01T02:06
20264,TM13,62,19,63,19,2027-04-01T02:06,2027-04-01T02:08:24
20264,TM13,63,19,64,19,2027-04-01T02:08:24,2027-04-01T02:10:48
20264,TM13,64,19,65,19,2027-04-01T02:10:48,2027-04-01T02:13:12
20264,TM13,65,19,66,19,2027-04-01T02:13:12,2027-04-01T02:15:36
20264,TM13,66,19,67,19,2027-04-01T02:15:36,2027-04-01T02:18
20264,TM13,67,19,68,19,2027-04-01T02:18,2027-04-01T02:20:24
20264,TM13,68,19,69,19,2027-04-01T02:20:24,2027-04-01T02:22:48
20264,TM13,69,19,69,20,2027-04-01T02:22:48,2027-04-01T02:25:12
20264,TM13,69,20,69,21,2027-04-01T02:25:12,2027-04-01T02:27:36
20264,TM13,69,21,69,22,2027-04-01T02:27:36,2027-04-01T02:30
20264,TM13,69,22,69,23,2027-04-01T02:30,2027-04-01T02:32:24
20264,TM13,69,23,69,24,2027-04-01T02:32:24,2027-04-01T02:34:48
20264,TM13,69,24,69,25,2027-04-01T02:34:48,2027-04-01T02:37:12
20264,TM13,69,25,69,26,2027-04-01T02:37:12,2027-04-01T02:39:36
20264,TM13,69,26,69,27,2027-04-01T02:39:36,2027-04-01T02:42
20264,TM13,69,27,69,28,2027-04-01T02:42,2027-04-01T02:44:24
20264,TM13,69,28,69,29,2027-04-01T02:44:24,2027-04-01T02:46:48
20264,TM13,69,29,69,30,2027-04-01T02:46:48,2027-04-01T02:49:12
20264,TM13,69,30,69,31,2027-04-01T02:49:12,2027-04-01T02:51:36
20264,TM13,69,31,69,32,2027-04-01T02:51:36,2027-04-01T02:54
20264,TM13,69,32,69,33,2027-04-01T02:54,2027-04-01T02:56:24
20264,TM13,69,33,69,34,2027-04-01T02:56:24,2027-04-01T02:58:48
20264,TM13,69,34,69,35,2027-04-01T02:58:48,2027-04-01T03:01:12
20264,TM13,69,35,69,36,2027-04-01T03:01:12,2027-04-01T03:03:36
20264,TM13,69,36,68,36,2027-04-01T05:03:36,2027-04-01T05:06
20264,TM13,68,36,67,36,2027-04-01T05:06,2027-04-01T05:08:24
20264,TM13,67,36,66,36,2027-04-01T05:08:24,2027-04-01T05:10:48
20264,TM13,66,36,65,36,2027-04-01T05:10:48,2027-04-01T05:13:12
20264,TM13,65,36,64,36,2027-04-01T05:13:12,2027-04-01T05:15:36
20264,TM13,64,36,63,36,2027-04-01T05:15:36,2027-04-01T05:18
20264,TM13,63,36,62,36,2027-04-01T05:18,2027-04-01T05:20:24
20264,TM13,62,36,61,36,2027-04-01T05:20:24,2027-04-01T05:22:48
20264,TM13,61,36,60,36,2027-04-01T05:22:48,2027-04-01T05:25:12
20264,TM13,60,36,59,36,2027-04-01T05:25:12,2027-04-01T05:27:36
20264,TM13,59,36,58,36,2027-04-01T05:27:36,2027-04-01T05:30
20264,TM13,58,36,57,36,2027-04-01T05:30,2027-04-01T05:32:24
20264,TM13,57,36,57,35,2027-04-01T05:32:24,2027-04-01T05:34:48
20264,TM13,57,35,57,34,2027-04-01T05:34:48,2027-04-01T05:37:12
20264,TM13,57,34,57,33,2027-04-01T05:37:12,2027-04-01T05:39:36
20264,TM13,57,33,57,32,2027-04-01T05:39:36,2027-04-01T05:42
20264,TM13,57,32,57,31,2027-04-01T05:42,2027-04-01T05:44:24
20264,TM13,57,31,57,30,2027-04-01T05:44:24,2027-04-01T05:46:48
20264,TM13,57,30,57,29,2027-04-01T05:46:48,2027-04-01T05:49:12
20264,TM13,57,29,57,28,2027-04-01T05:49:12,2027-04-01T05:51:36
20264,TM13,57,28,57,27,2027-04-01T05:51:36,2027-04-01T05:54
20264,TM14,27,14,28,14,2027-04-01T00:30,2027-04-01T00:32:24
20264,TM14,28,14,29,14,2027-04-01T00:32:24,2027-04-01T00:34:48
20264,TM14,29,14,29,15,2027-04-01T00:34:48,2027-04-01T00:37:12
20264,TM14,29,15,29,16,2027-04-01T00:37:12,2027-04-01T00:39:36
20264,TM14,29,16,29,17,2027-04-01T00:39:36,2027-04-01T00:42
20264,TM14,29,17,29,18,2027-04-01T00:42,2027-04-01T00:44:24
20264,TM14,29,18,29,19,2027-04-01T00:44:24,2027-04-01T00:46:48
20264,TM14,29,19,30,19,2027-04-01T00:46:48,2027-04-01T00:49:12
20264,TM14,30,19,31,19,2027-04-01T00:49:12,2027-04-01T00:51:36
20264,TM14,31,19,32,19,2027-04-01T00:51:36,2027-04-01T00:54
20264,TM14,32,19,33,19,2027-04-01T00:54,2027-04-01T00:56:24
20264,TM14,33,19,34,19,2027-04-01T00:56:24,2027-04-01T00:58:48
20264,TM14,34,19,35,19,2027-04-01T00:58:48,2027-04-01T01:01:12
20264,TM14,35,19,36,19,2027-04-01T01:01:12,2027-04-01T01:03:36
20264,TM14,36,19,37,19,2027-04-01T01:03:36,2027-04-01T01:06
20264,TM14,37,19,38,19,2027-04-01T01:06,2027-04-01T01:08:24
20264,TM14,38,19,39,19,2027-04-01T01:08:24,2027-04-01T01:10:48
20264,TM14,39,19,40,19,2027-04-01T01:10:48,2027-04-01T01:13:12
20264,TM14,40,19,41,19,2027-04-01T01:13:12,2027-04-01T01:15:36
20264,TM14,41,19,42,19,2027-04-01T01:15:36,2027-04-01T01:18
20264,TM14,42,19,43,19,2027-04-01T01:18,2027-04-01T01:20:24
20264,TM14,43,19,44,19,2027-04-01T01:20:24,2027-04-01T01:22:48
20264,TM14,44,19,45,19,2027-04-01T01:22:48,2027-04-01T01:25:12
20264,TM14,45,19,46,19,2027-04-01T01:25:12,2027-04-01T01:27:36
20264,TM14,46,19,46,20,2027-04-01T01:27:36,2027-04-01T01:30
20264,TM14,46,20,47,20,2027-04-01T03:30,2027-04-01T03:32:24
20264,TM14,47,20,48,20,2027-04-01T03:32:24,2027-04-01T03:34:48
20264,TM14,48,20,49,20,2027-04-01T03:34:48,2027-04-01T03:37:12
20264,TM14,49,20,50,20,2027-04-01T03:37:12,2027-04-01T03:39:36
20264,TM14,50,20,51,20,2027-04-01T03:39:36,2027-04-01T03:42
20264,TM14,51,20,52,20,2027-04-01T03:42,2027-04-01T03:44:24
20264,TM14,52,20,53,20,2027-04-01T03:44:24,2027-04-01T03:46:48
20264,TM14,53,20,54,20,2027-04-01T03:46:48,2027-04-01T03:49:12
20264,TM14,54,20,54,21,2027-04-01T03:49:12,2027-04-01T03:51:36
20264,TM14,54,21,54,22,2027-04-01T03:51:36,2027-04-01T03:54
20264,TM14,54,22,54,23,2027-04-01T03:54,2027-04-01T03:56:24
20264,TM14,54,23,54,24,2027-04-01T03:56:24,2027-04-01T03:58:48
20264,TM14,54,24,54,25,2027-04-01T03:58:48,2027-04-01T04:01:12
20264,TM14,54,25,54,26,2027-04-01T04:01:12,2027-04-01T04:03:36
20264,TM14,54,26,55,26,2027-04-01T04:03:36,2027-04-01T04:06
20264,TM14,55,26,56,26,2027-04-01T04:06,2027-04-01T04:08:24
20264,TM14,56,26,57,26,2027-04-01T04:08:24,2027-04-01T04:10:48
20264,TM14,57,26,57,27,2027-04-01T04:10:48,2027-04-01T04:13:12
